split,year,month,kind,created_utc,actual_time_loss,fixed_2020_loss
val,2021,1,comments,1609478510,2.7914116382598877,2.7947640419006348
val,2021,1,comments,1609623501,2.722972869873047,2.7207233905792236
val,2021,1,comments,1609517896,2.374500274658203,2.3734443187713623
val,2021,1,comments,1609900236,2.212798833847046,2.211430549621582
val,2021,1,comments,1609773115,0.5002906322479248,0.49668121337890625
val,2021,1,comments,1609860503,2.684079647064209,2.684140682220459
val,2021,1,comments,1610216713,2.700112819671631,2.6950953006744385
val,2021,1,comments,1610136202,2.1988930702209473,2.1989898681640625
val,2021,1,comments,1610239552,2.298926830291748,2.300213575363159
val,2021,1,comments,1610311203,2.2889633178710938,2.2903125286102295
val,2021,1,comments,1610118514,2.7151055335998535,2.7153286933898926
val,2021,1,comments,1610271530,2.4782614707946777,2.4755005836486816
val,2021,1,submissions,1609485160,1.6790821552276611,1.6751677989959717
val,2021,1,submissions,1609824854,1.9640308618545532,1.9597649574279785
val,2021,1,submissions,1610057931,2.890212059020996,2.898118495941162
val,2021,1,submissions,1610503093,2.2570583820343018,2.2570786476135254
val,2021,1,submissions,1610782927,2.7011237144470215,2.7034928798675537
val,2021,1,submissions,1610376074,1.6340415477752686,1.6353387832641602
val,2021,1,submissions,1610249982,2.0279808044433594,2.0265727043151855
val,2021,1,submissions,1609767265,2.2308905124664307,2.231017589569092
val,2021,1,submissions,1611871213,2.1325883865356445,2.123067617416382
val,2021,1,submissions,1611929556,0.4724327325820923,0.46527430415153503
val,2021,1,submissions,1611588588,1.7785066366195679,1.7793636322021484
val,2021,1,submissions,1612070850,1.6561479568481445,1.6550912857055664
val,2021,2,comments,1612352799,2.6623644828796387,2.659090042114258
val,2021,2,comments,1612268506,2.8441309928894043,2.8401575088500977
val,2021,2,comments,1612198512,2.395662784576416,2.391775369644165
val,2021,2,comments,1612638086,2.490939140319824,2.488455295562744
val,2021,2,comments,1612709153,2.825321674346924,2.8272647857666016
val,2021,2,comments,1612934500,1.6359153985977173,1.6371487379074097
val,2021,2,comments,1613179218,2.498394012451172,2.5007123947143555
val,2021,2,comments,1613161591,2.536766767501831,2.537330150604248
val,2021,2,comments,1613271027,2.885324001312256,2.8842692375183105
val,2021,2,comments,1614375047,2.3149161338806152,2.317232131958008
val,2021,2,comments,1614489043,2.568948268890381,2.569211483001709
val,2021,2,comments,1614546681,2.53251051902771,2.532374620437622
val,2021,2,submissions,1613023539,2.092170238494873,2.0897703170776367
val,2021,2,submissions,1613031425,2.207787275314331,2.210113048553467
val,2021,2,submissions,1612531481,2.537635326385498,2.5406064987182617
val,2021,2,submissions,1613511608,1.7650868892669678,1.767307996749878
val,2021,2,submissions,1613140551,2.4767823219299316,2.480842113494873
val,2021,2,submissions,1613559457,2.181706428527832,2.185467481613159
val,2021,2,submissions,1614002321,2.950688123703003,2.9511008262634277
val,2021,2,submissions,1613838736,2.4723939895629883,2.4699788093566895
val,2021,2,submissions,1613290867,1.778867483139038,1.7822626829147339
val,2021,2,submissions,1614302426,1.9631764888763428,1.9673223495483398
val,2021,2,submissions,1614365766,0.4614141881465912,0.4587438702583313
val,2021,2,submissions,1614378189,1.2681937217712402,1.2731585502624512
val,2021,3,comments,1614751418,0.45547258853912354,0.44635748863220215
val,2021,3,comments,1614875454,1.4729496240615845,1.472124695777893
val,2021,3,comments,1614843606,2.684150218963623,2.689108371734619
val,2021,3,comments,1615403811,2.6522653102874756,2.651435375213623
val,2021,3,comments,1615856473,1.9096641540527344,1.9070744514465332
val,2021,3,comments,1616081109,2.4005990028381348,2.4029927253723145
val,2021,3,comments,1616196747,2.3383450508117676,2.3369007110595703
val,2021,3,comments,1616282549,2.4885215759277344,2.4916300773620605
val,2021,3,comments,1616579431,2.6316146850585938,2.6340956687927246
val,2021,3,comments,1617139257,2.431290626525879,2.433335065841675
val,2021,3,comments,1617064815,2.598606824874878,2.601567506790161
val,2021,3,comments,1617068767,0.791692852973938,0.798814058303833
val,2021,3,submissions,1616552252,1.8935165405273438,1.8957666158676147
val,2021,3,submissions,1616326306,1.6620560884475708,1.6655381917953491
val,2021,3,submissions,1615568587,2.6367809772491455,2.636953353881836
val,2021,3,submissions,1615995611,1.9239293336868286,1.9259727001190186
val,2021,3,submissions,1616728452,2.2167956829071045,2.227231502532959
val,2021,3,submissions,1615057619,1.7310007810592651,1.7342146635055542
val,2021,3,submissions,1616751529,1.9719561338424683,1.9710335731506348
val,2021,3,submissions,1614760718,2.022836685180664,2.0216732025146484
val,2021,3,submissions,1614909431,3.3113651275634766,3.31343412399292
val,2021,3,submissions,1615714635,3.1930038928985596,3.1932482719421387
val,2021,3,submissions,1615402756,2.110785961151123,2.1032187938690186
val,2021,3,submissions,1616823335,2.2261343002319336,2.2300093173980713
val,2021,4,comments,1617240358,2.1195080280303955,2.1170618534088135
val,2021,4,comments,1617399261,2.5418105125427246,2.54357647895813
val,2021,4,comments,1617299757,2.272304058074951,2.274143695831299
val,2021,4,comments,1617717054,2.5807175636291504,2.580706834793091
val,2021,4,comments,1617882402,2.4587042331695557,2.458524703979492
val,2021,4,comments,1618227564,0.4321807622909546,0.44002360105514526
val,2021,4,comments,1618932229,2.816387176513672,2.818506956100464
val,2021,4,comments,1618671757,2.639132499694824,2.6371755599975586
val,2021,4,comments,1618672702,2.9953742027282715,2.998070478439331
val,2021,4,comments,1618964225,2.4959516525268555,2.495412588119507
val,2021,4,comments,1619107736,2.534653902053833,2.534757614135742
val,2021,4,comments,1619385522,0.4279460310935974,0.42718082666397095
val,2021,4,submissions,1617755195,1.8310546875,1.8354402780532837
val,2021,4,submissions,1617562039,1.801133155822754,1.8008060455322266
val,2021,4,submissions,1619109673,2.628143548965454,2.6285619735717773
val,2021,4,submissions,1617978085,3.115241527557373,3.117356300354004
val,2021,4,submissions,1617319697,2.4030063152313232,2.398725748062134
val,2021,4,submissions,1618342426,2.55684757232666,2.558248519897461
val,2021,4,submissions,1619444465,1.8957104682922363,1.8971259593963623
val,2021,4,submissions,1618824814,2.6141393184661865,2.6159720420837402
val,2021,4,submissions,1619100492,2.2589194774627686,2.261507511138916
val,2021,4,submissions,1617474761,1.9926121234893799,1.9917895793914795
val,2021,4,submissions,1617348742,2.7624449729919434,2.7666521072387695
val,2021,4,submissions,1619684666,3.1243457794189453,3.127037525177002
val,2021,5,comments,1619843518,3.398045539855957,3.4016189575195312
val,2021,5,comments,1620066666,2.7465012073516846,2.7475476264953613
val,2021,5,comments,1620297352,1.8921644687652588,1.8945512771606445
val,2021,5,comments,1620534613,0.9065302610397339,0.9187260866165161
val,2021,5,comments,1621112273,2.3932418823242188,2.395468235015869
val,2021,5,comments,1621120583,2.713944673538208,2.719942092895508
val,2021,5,comments,1620934459,2.7655341625213623,2.7681970596313477
val,2021,5,comments,1621571102,2.6001672744750977,2.5974063873291016
val,2021,5,comments,1621687459,2.8622403144836426,2.8626389503479004
val,2021,5,comments,1622066998,2.951591730117798,2.947512626647949
val,2021,5,comments,1622023607,2.5937657356262207,2.594435214996338
val,2021,5,comments,1622427246,0.7683659791946411,0.765571117401123
val,2021,5,submissions,1621516182,2.118758201599121,2.12766170501709
val,2021,5,submissions,1622145232,2.4855353832244873,2.4935903549194336
val,2021,5,submissions,1620353283,0.4212157726287842,0.42372414469718933
val,2021,5,submissions,1620064489,2.0067646503448486,2.0088107585906982
val,2021,5,submissions,1620870478,2.335883140563965,2.343064308166504
val,2021,5,submissions,1620295518,1.3450288772583008,1.347629427909851
val,2021,5,submissions,1620389951,2.0974550247192383,2.0986814498901367
val,2021,5,submissions,1621144897,2.7812700271606445,2.78157901763916
val,2021,5,submissions,1620786841,2.0790152549743652,2.0859925746917725
val,2021,5,submissions,1620807674,2.391667127609253,2.397087574005127
val,2021,5,submissions,1621105955,1.9640251398086548,1.9699503183364868
val,2021,5,submissions,1620740286,3.3594276905059814,3.3612306118011475
val,2021,6,comments,1622756765,1.2814280986785889,1.270733118057251
val,2021,6,comments,1622700625,2.6331377029418945,2.638023853302002
val,2021,6,comments,1622925049,2.506178855895996,2.5094408988952637
val,2021,6,comments,1622901701,2.6877079010009766,2.6906790733337402
val,2021,6,comments,1623072563,2.7387537956237793,2.7409238815307617
val,2021,6,comments,1623771820,2.6013236045837402,2.601013660430908
val,2021,6,comments,1623690284,1.1776556968688965,1.1687393188476562
val,2021,6,comments,1623988090,2.614130973815918,2.6133899688720703
val,2021,6,comments,1623966223,1.9884496927261353,1.991563320159912
val,2021,6,comments,1624777966,2.3698058128356934,2.3719191551208496
val,2021,6,comments,1624688495,2.2688441276550293,2.2699179649353027
val,2021,6,comments,1624550191,1.9800522327423096,1.9790518283843994
val,2021,6,submissions,1623697124,1.2561736106872559,1.2255964279174805
val,2021,6,submissions,1622742187,2.4155969619750977,2.4167325496673584
val,2021,6,submissions,1623210333,1.7844619750976562,1.7841449975967407
val,2021,6,submissions,1623506715,2.474587917327881,2.478437900543213
val,2021,6,submissions,1624949471,1.8311748504638672,1.8276591300964355
val,2021,6,submissions,1622978028,2.2307851314544678,2.2404263019561768
val,2021,6,submissions,1622956714,2.6316006183624268,2.6319055557250977
val,2021,6,submissions,1622737446,2.7581913471221924,2.7667901515960693
val,2021,6,submissions,1624726983,1.937045931816101,1.936438798904419
val,2021,6,submissions,1624978954,1.9613032341003418,1.9590344429016113
val,2021,6,submissions,1622874249,4.131038188934326,4.135932445526123
val,2021,6,submissions,1624424751,2.0009095668792725,2.002274513244629
val,2021,7,comments,1625198142,2.6838107109069824,2.6869184970855713
val,2021,7,comments,1625253164,2.5423765182495117,2.5440778732299805
val,2021,7,comments,1625757471,2.7013444900512695,2.7052721977233887
val,2021,7,comments,1625754274,2.8365683555603027,2.8384156227111816
val,2021,7,comments,1626312367,2.06181001663208,2.0662643909454346
val,2021,7,comments,1626263962,2.606764793395996,2.6145224571228027
val,2021,7,comments,1626695381,2.618870973587036,2.6136555671691895
val,2021,7,comments,1626420217,2.569416046142578,2.577237606048584
val,2021,7,comments,1626510617,2.824646472930908,2.8315553665161133
val,2021,7,comments,1626812277,2.701202154159546,2.7038471698760986
val,2021,7,comments,1627294078,2.488922595977783,2.493581771850586
val,2021,7,comments,1627544428,2.442492961883545,2.4452033042907715
val,2021,7,submissions,1625598216,2.3361358642578125,2.3402626514434814
val,2021,7,submissions,1626184994,2.4447968006134033,2.4517812728881836
val,2021,7,submissions,1626742535,2.3739585876464844,2.37880539894104
val,2021,7,submissions,1625806568,2.877711296081543,2.8729422092437744
val,2021,7,submissions,1625738832,1.8843275308609009,1.8909090757369995
val,2021,7,submissions,1627419757,3.100407123565674,3.0859267711639404
val,2021,7,submissions,1626042761,2.171826124191284,2.177666187286377
val,2021,7,submissions,1625518948,1.9366490840911865,1.9485279321670532
val,2021,7,submissions,1626893911,1.264817714691162,1.2549813985824585
val,2021,7,submissions,1627026861,2.5120859146118164,2.518156051635742
val,2021,7,submissions,1625566474,1.6422251462936401,1.651559829711914
val,2021,7,submissions,1625173836,1.1792184114456177,1.184199571609497
val,2021,8,comments,1627923507,2.588986873626709,2.595750331878662
val,2021,8,comments,1628282440,2.558206796646118,2.558086395263672
val,2021,8,comments,1628300755,2.41666841506958,2.423980712890625
val,2021,8,comments,1628531506,1.3926141262054443,1.3950884342193604
val,2021,8,comments,1628704252,2.8794350624084473,2.8770265579223633
val,2021,8,comments,1629746643,2.524746894836426,2.5139620304107666
val,2021,8,comments,1629817455,2.7338104248046875,2.7337088584899902
val,2021,8,comments,1630215786,2.5913243293762207,2.5937678813934326
val,2021,8,comments,1630346709,2.6617181301116943,2.669739246368408
val,2021,8,comments,1630374550,0.10936559736728668,0.10482824593782425
val,2021,8,comments,1630258673,3.0891642570495605,3.0942513942718506
val,2021,8,comments,1629996565,2.5806758403778076,2.5817718505859375
val,2021,8,submissions,1628222568,1.9926910400390625,1.9916561841964722
val,2021,8,submissions,1630225863,2.0544791221618652,2.0607595443725586
val,2021,8,submissions,1628795998,3.0147294998168945,3.015613079071045
val,2021,8,submissions,1627988799,1.6844382286071777,1.6940479278564453
val,2021,8,submissions,1629753455,3.9061782360076904,3.904230833053589
val,2021,8,submissions,1628168903,2.6408920288085938,2.648414134979248
val,2021,8,submissions,1629499430,1.7922968864440918,1.8018133640289307
val,2021,8,submissions,1629407680,1.923117756843567,1.9222257137298584
val,2021,8,submissions,1629806440,2.3063607215881348,2.312195301055908
val,2021,8,submissions,1628704038,1.8929091691970825,1.895185947418213
val,2021,8,submissions,1627868218,1.8679089546203613,1.8755781650543213
val,2021,8,submissions,1628485280,1.3310213088989258,1.3160978555679321
val,2021,9,comments,1630867732,2.8588521480560303,2.862521171569824
val,2021,9,comments,1631264052,3.13796329498291,3.1427695751190186
val,2021,9,comments,1631037148,2.493112802505493,2.4934496879577637
val,2021,9,comments,1631270918,2.6890649795532227,2.6859421730041504
val,2021,9,comments,1631645065,2.5690386295318604,2.5807788372039795
val,2021,9,comments,1631862315,2.1933116912841797,2.196378469467163
val,2021,9,comments,1631518364,2.6932640075683594,2.700796604156494
val,2021,9,comments,1632227255,2.726263999938965,2.735222816467285
val,2021,9,comments,1632088519,0.6038917303085327,0.602574348449707
val,2021,9,comments,1632243765,2.9566867351531982,2.9525814056396484
val,2021,9,comments,1632519816,2.7655255794525146,2.772634267807007
val,2021,9,comments,1632746047,2.717700719833374,2.7212467193603516
val,2021,9,submissions,1632558850,1.7778406143188477,1.7816970348358154
val,2021,9,submissions,1630859814,3.6497530937194824,3.6484591960906982
val,2021,9,submissions,1632773261,2.4684386253356934,2.45442795753479
val,2021,9,submissions,1631578699,2.803628444671631,2.814905881881714
val,2021,9,submissions,1632651701,2.8648550510406494,2.8657429218292236
val,2021,9,submissions,1631083325,1.998450517654419,2.006648302078247
val,2021,9,submissions,1632204063,2.4982972145080566,2.499072790145874
val,2021,9,submissions,1632364181,3.256972312927246,3.2599844932556152
val,2021,9,submissions,1630510030,1.9284005165100098,1.938391923904419
val,2021,9,submissions,1633016882,2.83463191986084,2.835836887359619
val,2021,9,submissions,1630938671,3.384373903274536,3.379868984222412
val,2021,9,submissions,1630813636,2.1356170177459717,2.1474318504333496
val,2021,10,comments,1633056643,2.6121649742126465,2.6035070419311523
val,2021,10,comments,1633481975,2.095827102661133,2.106377124786377
val,2021,10,comments,1634045596,0.1126856729388237,0.11716888844966888
val,2021,10,comments,1634524402,2.8605213165283203,2.86790132522583
val,2021,10,comments,1634589582,2.8078808784484863,2.807481050491333
val,2021,10,comments,1635252001,2.4179317951202393,2.414487600326538
val,2021,10,comments,1635084546,2.7284274101257324,2.7383642196655273
val,2021,10,comments,1634789631,2.652092933654785,2.653719425201416
val,2021,10,comments,1635696495,0.6305265426635742,0.6291002035140991
val,2021,10,comments,1635667281,2.843233585357666,2.843911647796631
val,2021,10,comments,1635498960,2.8333957195281982,2.8475003242492676
val,2021,10,comments,1635664682,3.201770782470703,3.208606481552124
val,2021,10,submissions,1633437640,2.4340248107910156,2.428481101989746
val,2021,10,submissions,1635703219,2.5892088413238525,2.590315341949463
val,2021,10,submissions,1634143598,2.6991000175476074,2.7051870822906494
val,2021,10,submissions,1633680791,2.216104745864868,2.224679708480835
val,2021,10,submissions,1634871493,2.972712278366089,2.9758615493774414
val,2021,10,submissions,1634871049,2.939166307449341,2.9450857639312744
val,2021,10,submissions,1633990649,3.465841054916382,3.465242385864258
val,2021,10,submissions,1633880898,1.2107386589050293,1.2041611671447754
val,2021,10,submissions,1634316813,0.6934928894042969,0.6552194356918335
val,2021,10,submissions,1635006472,2.4298763275146484,2.4349353313446045
val,2021,10,submissions,1634089327,4.074495315551758,4.071294784545898
val,2021,10,submissions,1634739139,2.518909454345703,2.525038242340088
val,2021,11,comments,1636732556,0.7558688521385193,0.7555768489837646
val,2021,11,comments,1636446726,3.054586172103882,3.061605453491211
val,2021,11,comments,1636675858,2.3366079330444336,2.340240478515625
val,2021,11,comments,1636739421,2.580888509750366,2.5847911834716797
val,2021,11,comments,1636564212,2.839747905731201,2.8416588306427
val,2021,11,comments,1636233272,2.555924654006958,2.5639395713806152
val,2021,11,comments,1636902091,2.5788986682891846,2.5875144004821777
val,2021,11,comments,1637024782,2.8337364196777344,2.843766212463379
val,2021,11,comments,1637178165,2.8842172622680664,2.8802638053894043
val,2021,11,comments,1637708173,3.317331075668335,3.3242762088775635
val,2021,11,comments,1638291847,2.4947094917297363,2.503788948059082
val,2021,11,comments,1638066644,3.5352091789245605,3.5375237464904785
val,2021,11,submissions,1636951935,2.507702350616455,2.509654998779297
val,2021,11,submissions,1637307722,1.863389015197754,1.8716093301773071
val,2021,11,submissions,1636369975,1.991795301437378,2.0006678104400635
val,2021,11,submissions,1636666473,1.9635181427001953,1.9709973335266113
val,2021,11,submissions,1636699418,3.448835849761963,3.4420325756073
val,2021,11,submissions,1636325357,2.460810899734497,2.4588961601257324
val,2021,11,submissions,1637420205,2.0163512229919434,2.0170650482177734
val,2021,11,submissions,1638080438,4.081508159637451,4.0795698165893555
val,2021,11,submissions,1636465198,1.7370578050613403,1.7426857948303223
val,2021,11,submissions,1637767325,2.2927002906799316,2.301504135131836
val,2021,11,submissions,1638140911,2.7063755989074707,2.712761878967285
val,2021,11,submissions,1637577635,3.1651675701141357,3.1720151901245117
val,2021,12,comments,1638751033,2.7204649448394775,2.731248617172241
val,2021,12,comments,1638626743,2.5287282466888428,2.535335063934326
val,2021,12,comments,1638382442,2.461355686187744,2.4734933376312256
val,2021,12,comments,1638992608,2.5448055267333984,2.5475590229034424
val,2021,12,comments,1639013316,2.92252516746521,2.929673671722412
val,2021,12,comments,1639318183,0.4463489353656769,0.44876354932785034
val,2021,12,comments,1639197241,2.7339208126068115,2.7487690448760986
val,2021,12,comments,1639839035,2.451573610305786,2.4629087448120117
val,2021,12,comments,1639888849,0.003880756674334407,0.004088107496500015
val,2021,12,comments,1639910266,0.008273439481854439,0.008013005368411541
val,2021,12,comments,1640236056,0.16951003670692444,0.17333143949508667
val,2021,12,comments,1640771189,3.011489152908325,3.011719226837158
val,2021,12,submissions,1639706916,1.6112045049667358,1.610289454460144
val,2021,12,submissions,1640017254,1.8481979370117188,1.8689143657684326
val,2021,12,submissions,1639703291,2.5637779235839844,2.574047565460205
val,2021,12,submissions,1640934663,2.559089422225952,2.57177734375
val,2021,12,submissions,1639769110,3.2665014266967773,3.271333694458008
val,2021,12,submissions,1640924333,3.045013427734375,3.039445400238037
val,2021,12,submissions,1638442197,2.399810791015625,2.4038920402526855
val,2021,12,submissions,1639092385,1.9028730392456055,1.908289909362793
val,2021,12,submissions,1640395434,3.564260482788086,3.562641143798828
val,2021,12,submissions,1640478747,3.0779662132263184,3.082225799560547
val,2021,12,submissions,1638777175,3.6140296459198,3.6168785095214844
val,2021,12,submissions,1640261771,3.109654426574707,3.0989694595336914
test,2022,1,comments,1641089557,2.638823986053467,2.6576175689697266
test,2022,1,comments,1641215918,2.661327838897705,2.6588048934936523
test,2022,1,comments,1641935643,2.1083154678344727,2.1179440021514893
test,2022,1,comments,1641510353,3.0996506214141846,3.103621006011963
test,2022,1,comments,1642364261,2.961507797241211,2.96695613861084
test,2022,1,comments,1642201895,2.602365732192993,2.612893581390381
test,2022,1,comments,1643131587,2.3591365814208984,2.373675584793091
test,2022,1,comments,1643057049,2.4959068298339844,2.4969043731689453
test,2022,1,comments,1643338127,2.7206544876098633,2.734421730041504
test,2022,1,comments,1643421672,3.2857789993286133,3.289050579071045
test,2022,1,comments,1643647807,2.508962631225586,2.5113894939422607
test,2022,1,comments,1643513849,2.427562952041626,2.439986228942871
test,2022,1,submissions,1643382456,0.597865641117096,0.576836884021759
test,2022,1,submissions,1641030453,2.378325939178467,2.380051374435425
test,2022,1,submissions,1643442211,3.096334457397461,3.101461410522461
test,2022,1,submissions,1641337440,1.7726874351501465,1.7870545387268066
test,2022,1,submissions,1643126069,2.1845078468322754,2.179625988006592
test,2022,1,submissions,1641600518,1.1848058700561523,1.1904808282852173
test,2022,1,submissions,1642089049,1.9679944515228271,1.9831293821334839
test,2022,1,submissions,1642355816,2.7245941162109375,2.728480577468872
test,2022,1,submissions,1641898797,2.219125270843506,2.220733642578125
test,2022,1,submissions,1643610016,3.0976972579956055,3.1082775592803955
test,2022,1,submissions,1641809160,3.941586971282959,3.92521071434021
test,2022,1,submissions,1641274856,2.051642417907715,2.068739652633667
test,2022,2,comments,1643893179,2.8004612922668457,2.797778844833374
test,2022,2,comments,1644209894,3.3077054023742676,3.3243792057037354
test,2022,2,comments,1643811252,2.8236098289489746,2.8332180976867676
test,2022,2,comments,1643740934,3.061800718307495,3.060584306716919
test,2022,2,comments,1644466881,2.5732173919677734,2.5778470039367676
test,2022,2,comments,1644695830,0.03827495872974396,0.03833616152405739
test,2022,2,comments,1644257753,2.947981357574463,2.9514670372009277
test,2022,2,comments,1644700227,0.0536857545375824,0.0528477244079113
test,2022,2,comments,1644766198,2.948822498321533,2.950314521789551
test,2022,2,comments,1646044402,3.2233920097351074,3.2188916206359863
test,2022,2,comments,1646082584,3.089310646057129,3.102005958557129
test,2022,2,comments,1645956191,3.4099559783935547,3.4084954261779785
test,2022,2,submissions,1644585460,3.451961040496826,3.460803985595703
test,2022,2,submissions,1644590335,2.5349717140197754,2.544508457183838
test,2022,2,submissions,1644084417,2.9268815517425537,2.932255268096924
test,2022,2,submissions,1645889353,4.274311065673828,4.270233154296875
test,2022,2,submissions,1645122569,3.701082468032837,3.6961023807525635
test,2022,2,submissions,1644697459,3.1074106693267822,3.1110410690307617
test,2022,2,submissions,1645177765,0.7127290964126587,0.6631379127502441
test,2022,2,submissions,1645935112,2.5420920848846436,2.550560712814331
test,2022,2,submissions,1645648435,2.6872243881225586,2.6978931427001953
test,2022,2,submissions,1645527749,2.104382038116455,2.1144490242004395
test,2022,2,submissions,1645968236,1.8814588785171509,1.8975787162780762
test,2022,2,submissions,1644875438,2.5484209060668945,2.5588796138763428
test,2022,3,comments,1646275178,2.6819825172424316,2.696615695953369
test,2022,3,comments,1646408941,2.8566226959228516,2.862675189971924
test,2022,3,comments,1646369494,2.8064169883728027,2.807661533355713
test,2022,3,comments,1646940886,3.225302219390869,3.2308335304260254
test,2022,3,comments,1647733920,2.667631149291992,2.6816020011901855
test,2022,3,comments,1647395819,2.8660452365875244,2.8716988563537598
test,2022,3,comments,1647616303,1.60968017578125,1.6130175590515137
test,2022,3,comments,1647812447,2.6600894927978516,2.6673171520233154
test,2022,3,comments,1648095164,2.384484052658081,2.3982925415039062
test,2022,3,comments,1648668745,2.7881617546081543,2.743896961212158
test,2022,3,comments,1648577307,1.8263294696807861,1.8471184968948364
test,2022,3,comments,1648580236,2.6397135257720947,2.6561968326568604
test,2022,3,submissions,1648330407,2.5950846672058105,2.5984930992126465
test,2022,3,submissions,1648070765,2.528817653656006,2.551788330078125
test,2022,3,submissions,1647284151,2.241063117980957,2.253716230392456
test,2022,3,submissions,1648620482,4.147603988647461,4.150492191314697
test,2022,3,submissions,1647702493,3.2805628776550293,3.2877182960510254
test,2022,3,submissions,1648521617,2.621142864227295,2.63569974899292
test,2022,3,submissions,1646728057,2.0464515686035156,2.063626289367676
test,2022,3,submissions,1648541317,2.1703553199768066,2.1874420642852783
test,2022,3,submissions,1646351642,3.4799845218658447,3.488743305206299
test,2022,3,submissions,1646569009,1.8080875873565674,1.815941572189331
test,2022,3,submissions,1647424329,2.0073795318603516,2.0178263187408447
test,2022,3,submissions,1647092036,1.931138277053833,1.9256107807159424
test,2022,4,comments,1649000280,2.710202932357788,2.713351249694824
test,2022,4,comments,1649439535,1.9937772750854492,1.9912502765655518
test,2022,4,comments,1648773575,2.2581725120544434,2.2720375061035156
test,2022,4,comments,1649088169,3.2992496490478516,3.298438787460327
test,2022,4,comments,1649253823,2.6537914276123047,2.6682910919189453
test,2022,4,comments,1648833856,2.9214565753936768,2.916066884994507
test,2022,4,comments,1649440000,2.7198824882507324,2.7177865505218506
test,2022,4,comments,1648794335,2.3815765380859375,2.3871355056762695
test,2022,4,comments,1649569486,3.098125696182251,3.100529670715332
test,2022,4,comments,1649735890,2.8970043659210205,2.916534423828125
test,2022,4,comments,1649551044,2.3351407051086426,2.3434391021728516
test,2022,4,comments,1649624769,2.707472562789917,2.7139341831207275
test,2022,4,submissions,1649301970,2.0822854042053223,2.1043314933776855
test,2022,4,submissions,1649102696,2.7099976539611816,2.726351737976074
test,2022,4,submissions,1650641410,3.380601406097412,3.3848490715026855
test,2022,4,submissions,1649534199,2.2193498611450195,2.2370381355285645
test,2022,4,submissions,1648870762,1.7048654556274414,1.7332969903945923
test,2022,4,submissions,1649888427,2.0273056030273438,2.056180477142334
test,2022,4,submissions,1650941925,3.3557698726654053,3.3540453910827637
test,2022,4,submissions,1650323117,3.531121253967285,3.5284621715545654
test,2022,4,submissions,1651211805,1.3321391344070435,1.31707763671875
test,2022,4,submissions,1650620042,4.219407081604004,4.224426746368408
test,2022,4,submissions,1649014822,2.5822417736053467,2.5740914344787598
test,2022,4,submissions,1648915300,2.328472137451172,2.347262382507324
test,2022,5,comments,1651383757,0.0051238322630524635,0.004958673380315304
test,2022,5,comments,1651815598,2.7934770584106445,2.804675579071045
test,2022,5,comments,1651613712,2.997981071472168,3.0053000450134277
test,2022,5,comments,1652653108,2.8122434616088867,2.816624164581299
test,2022,5,comments,1652041842,2.672844409942627,2.682054042816162
test,2022,5,comments,1652662599,2.648646116256714,2.658705472946167
test,2022,5,comments,1652428875,2.880817413330078,2.885698080062866
test,2022,5,comments,1653141907,2.974876880645752,2.968972682952881
test,2022,5,comments,1653251066,2.3624954223632812,2.359544515609741
test,2022,5,comments,1653972421,2.9600512981414795,2.961737871170044
test,2022,5,comments,1653607699,2.8231523036956787,2.831447124481201
test,2022,5,comments,1653555411,2.5433337688446045,2.5419530868530273
test,2022,5,submissions,1652997064,1.9106159210205078,1.915487289428711
test,2022,5,submissions,1653673472,3.4185879230499268,3.417933225631714
test,2022,5,submissions,1651872498,2.3770382404327393,2.3897290229797363
test,2022,5,submissions,1651597320,2.7587060928344727,2.7614927291870117
test,2022,5,submissions,1652369171,2.0150256156921387,2.041059970855713
test,2022,5,submissions,1651811399,3.0918307304382324,3.100139617919922
test,2022,5,submissions,1651904486,3.1887381076812744,3.1884865760803223
test,2022,5,submissions,1652631648,2.6974174976348877,2.7143590450286865
test,2022,5,submissions,1652275379,2.8621139526367188,2.875337600708008
test,2022,5,submissions,1652285422,2.622432231903076,2.64418888092041
test,2022,5,submissions,1652594102,3.17903470993042,3.1700992584228516
test,2022,5,submissions,1652210251,2.5157079696655273,2.530674934387207
test,2022,6,comments,1654307211,2.3415334224700928,2.3410496711730957
test,2022,6,comments,1654505996,2.6740927696228027,2.6883840560913086
test,2022,6,comments,1654240534,2.6300148963928223,2.642644166946411
test,2022,6,comments,1654470587,1.5496541261672974,1.5573174953460693
test,2022,6,comments,1654653485,2.6254220008850098,2.619723320007324
test,2022,6,comments,1655620847,2.8314008712768555,2.836317300796509
test,2022,6,comments,1655396076,2.616302013397217,2.6224913597106934
test,2022,6,comments,1655306150,2.736751079559326,2.748589277267456
test,2022,6,comments,1655595537,2.6609156131744385,2.673588275909424
test,2022,6,comments,1656319141,0.011040179058909416,0.011156052350997925
test,2022,6,comments,1656252036,2.65395450592041,2.659681797027588
test,2022,6,comments,1656151353,3.168137550354004,3.1784555912017822
test,2022,6,submissions,1655284973,2.3518824577331543,2.3541228771209717
test,2022,6,submissions,1654309443,2.275517702102661,2.286736488342285
test,2022,6,submissions,1654839804,2.4697866439819336,2.471801280975342
test,2022,6,submissions,1655095619,1.750785231590271,1.7757978439331055
test,2022,6,submissions,1656466779,2.442474365234375,2.449544906616211
test,2022,6,submissions,1654565866,2.9139342308044434,2.9236583709716797
test,2022,6,submissions,1654548369,2.9331350326538086,2.9485058784484863
test,2022,6,submissions,1654308800,0.01116633415222168,0.01070539653301239
test,2022,6,submissions,1656247365,2.8667593002319336,2.874335289001465
test,2022,6,submissions,1656497150,7.782096862792969,7.757474899291992
test,2022,6,submissions,1654459527,2.1571297645568848,2.1598334312438965
test,2022,6,submissions,1655982416,3.082909107208252,3.0919318199157715
test,2022,7,comments,1656730893,1.7874906063079834,1.789293646812439
test,2022,7,comments,1657296623,2.8955039978027344,2.898193597793579
test,2022,7,comments,1657294016,0.6042192578315735,0.5949697494506836
test,2022,7,comments,1656793097,2.4380056858062744,2.4526383876800537
test,2022,7,comments,1658233070,2.7950496673583984,2.803499221801758
test,2022,7,comments,1657867015,2.517775774002075,2.5241212844848633
test,2022,7,comments,1657816505,2.743429660797119,2.7619757652282715
test,2022,7,comments,1657971201,2.8170390129089355,2.8305623531341553
test,2022,7,comments,1658053958,2.4782161712646484,2.4944419860839844
test,2022,7,comments,1658785763,2.732480525970459,2.7339041233062744
test,2022,7,comments,1659051314,2.6713013648986816,2.6863317489624023
test,2022,7,comments,1658341066,2.560626983642578,2.572932243347168
test,2022,7,submissions,1657148665,2.7947845458984375,2.8072988986968994
test,2022,7,submissions,1657743610,4.396832466125488,4.39116907119751
test,2022,7,submissions,1658302192,2.083340644836426,2.0888562202453613
test,2022,7,submissions,1657362732,4.43927001953125,4.445724010467529
test,2022,7,submissions,1657297442,1.9687812328338623,1.9774000644683838
test,2022,7,submissions,1658948264,2.8473916053771973,2.850468158721924
test,2022,7,submissions,1657583885,2.707306385040283,2.720283031463623
test,2022,7,submissions,1657064365,4.1197404861450195,4.111794471740723
test,2022,7,submissions,1658445483,3.2587087154388428,3.2704365253448486
test,2022,7,submissions,1658567557,4.0394392013549805,4.041693687438965
test,2022,7,submissions,1657116641,3.7239556312561035,3.7278075218200684
test,2022,7,submissions,1656710253,3.543044090270996,3.5546371936798096
test,2022,8,comments,1659424617,2.609896421432495,2.6209425926208496
test,2022,8,comments,1659686770,0.9555210471153259,0.9685726761817932
test,2022,8,comments,1659703624,3.006070375442505,3.0223922729492188
test,2022,8,comments,1659984928,2.5070600509643555,2.517632246017456
test,2022,8,comments,1659876916,2.737166166305542,2.7399213314056396
test,2022,8,comments,1660912589,2.5579586029052734,2.588348388671875
test,2022,8,comments,1661002641,3.2435433864593506,3.253600597381592
test,2022,8,comments,1661017421,1.5622410774230957,1.6077262163162231
test,2022,8,comments,1660937041,2.9437263011932373,2.9410223960876465
test,2022,8,comments,1660625659,2.5670557022094727,2.5498948097229004
test,2022,8,comments,1660767439,2.580277681350708,2.5922720432281494
test,2022,8,comments,1660667041,1.89844810962677,1.9186488389968872
test,2022,8,submissions,1659599215,3.2086493968963623,3.2261548042297363
test,2022,8,submissions,1660841135,2.2444872856140137,2.266840696334839
test,2022,8,submissions,1659935935,4.108732223510742,4.101316452026367
test,2022,8,submissions,1659454922,3.7068018913269043,3.71722412109375
test,2022,8,submissions,1660567631,3.4062368869781494,3.4064130783081055
test,2022,8,submissions,1659566276,2.300394296646118,2.3257551193237305
test,2022,8,submissions,1660403785,0.5712724924087524,0.5491352081298828
test,2022,8,submissions,1660334623,2.4189529418945312,2.4237446784973145
test,2022,8,submissions,1660589686,2.2772350311279297,2.2776551246643066
test,2022,8,submissions,1659895246,3.072686195373535,3.079033613204956
test,2022,8,submissions,1659373795,0.6679072380065918,0.6529610753059387
test,2022,8,submissions,1659746368,2.2670021057128906,2.2893943786621094
