index,id,family,year,created_utc,subreddit,text
0,qzbwm,among_us,2012,1331904177,adviceanimals,There be Scumbag Steves among us
1,10auea,among_us,2012,1348329778,memes,Aliens live among us...
2,10h6c6,among_us,2012,1348614960,adviceanimals,Goats among us
3,19opp2,me_irl,2013,1362456182,me_irl,this is me irl
4,1ac0g0,me_irl,2013,1363322495,me_irl,me irl [strobe warning]
5,1ak5qq,among_us,2013,1363651808,adviceanimals,It was obvious (to some of the more enlightened among us) then.
6,1arvcu,me_irl,2013,1363917041,me_irl,"me irl
0
-|-
|
/ \"
7,1lzer6,among_us,2013,1378665181,adviceanimals,Now that fall is among us...
8,1m599x,pepe,2013,1378863016,adviceanimals,Pepe Le Pew
9,1m92t9,me_irl,2013,1379000472,me_irl,me irl - [1:11]
10,1mad0w,me_irl,2013,1379035691,me_irl,me irl - [0:30]
11,1mc8k9,doge,2013,1379106649,memes,That b a sin doge
12,1mlx1f,me_irl,2013,1379462607,me_irl,me irl - [1:30]
13,1mmfox,among_us,2013,1379478675,adviceanimals,I have found a liar among us. (story in comments)
14,1mnpey,me_irl,2013,1379528860,me_irl,Me irl. Upsetting the norm.
15,1mpudw,pepe,2013,1379606609,adviceanimals,Listen to Pepe
16,1msxow,among_us,2013,1379713611,adviceanimals,There is a fungus among us
17,1mz7ca,doge,2013,1379963257,adviceanimals,Grand Theft Doge
18,1n5b2g,me_irl,2013,1380159100,adviceanimals,This is me irl.
19,1nb4ve,among_us,2013,1380372293,adviceanimals,Life hack for the forgetful among us
20,1nbk34,among_us,2013,1380388661,adviceanimals,Life hack for the forgetful among us (fixed)
21,1nbpwo,among_us,2013,1380393729,adviceanimals,Another Life hack for the forgetful among us
22,1nbpyk,among_us,2013,1380393762,adviceanimals,Another Life Hack For The Forgetful Among Us
23,1zoa82,doge,2014,1394064898,adviceanimals,Doge inspired Putin Meme. Such Putin! So meme! Wow! (warning: shirtless Putin)
24,2073gw,among_us,2014,1394592222,adviceanimals,Perhaps he is among us.
25,207meb,me_irl,2014,1394607073,me_irl,not me irl
26,20e2mf,doge,2014,1394787992,adviceanimals,The state of Oregon summed up by doge
27,20gdjt,doge,2014,1394851453,memes,wow such house very doge
28,20orng,among_us,2014,1395111237,adviceanimals,"Thanks to all of these GGG's among us, to rest, we all hate you."
29,20q6c6,doge,2014,1395158959,adviceanimals,Much Doge. Such high.
30,20w45x,doge,2014,1395310330,adviceanimals,Doge doesn't agree..
31,20x774,doge,2014,1395338366,adviceanimals,"People in my high school started using the ""doge"" meme out loud..."
32,21488s,this_is_fine,2014,1395537762,adviceanimals,"Apparently not being knowledgeable in the least about this is fine because guns are bad. Also, blatantly fabricating the capabilities of a gun's design is actually encouraged."
33,218fpj,me_irl,2014,1395673275,adviceanimals,I don't think i've ever had this discussion and had someone agree with me irl
34,21ksfm,doge,2014,1395991728,adviceanimals,You commented on a post in Doge-speak?
35,21mpjo,among_us,2014,1396046788,adviceanimals,The real GGG's among us
36,21sz6o,doge,2014,1396240803,adviceanimals,Insanity Doge March
37,2fc9yz,me_irl,2014,1409733402,me_irl,me irl [NSFW]
38,2fe3r3,me_irl,2014,1409777696,me_irl,"me irl
I wish there were planetary nebulae closer to the earth because then the night sky would look so much cooler"
39,2g8qtg,me_irl,2014,1410561220,me_irl,"me irl
( ͡° ͜ʖ ͡°)"
40,2g9kpa,me_irl,2014,1410583155,me_irl,"me irl
8)))"
41,2gq62g,among_us,2014,1411009424,adviceanimals,"How many among us do one, but rarely both? Hats of to you GGGs."
42,2h9l9r,among_us,2014,1411506602,adviceanimals,Paper writing season is among us....
43,2hj8yu,me_irl,2014,1411744971,me_irl,me irl /r/me_irl hits 10K subscribers
44,2hnuxg,me_irl,2014,1411867289,me_irl,"I'm the newest junior mod for me irl, and we just hit 10,000 subs! AMA"
45,2y6q0r,me_irl,2015,1425683222,me_irl,me irl [2:47]
46,2z564y,me_irl,2015,1426442500,me_irl,me irl-[0:06]
47,2zuav9,me_irl,2015,1426971984,me_irl,"me irl
I wish I could name this post meme irl
And then someone screenshots this and posts it as a picture here."
48,302jlh,me_irl,2015,1427152729,me_irl,[me irl]()
49,30b31b,doge,2015,1427323631,memes,Film Critic Doge
50,3jbui7,pepe,2015,1441179022,dankmemes,"If you thought Pepe Trump was dank, check out the competition, Pepe Sanders"
51,3jjxdm,pepe,2015,1441323899,dankmemes,The Pepe Führer ( ͡° ͜ʖ ͡°)
52,3jkit6,pepe,2015,1441334037,dankmemes,The ultra rare Trump Pepe
53,3k84t7,me_irl,2015,1441796205,me_irl,Not Me_irl
54,3kfpz7,me_irl,2015,1441909784,me_irl,oh look! its me irl!
55,3khyu8,me_irl,2015,1441943426,me_irl,Me_irl (xpost from r/taylorswift)
56,3kojbp,me_irl,2015,1442077157,me_irl,me irl - french
57,3l97k5,doge,2015,1442458432,adviceanimals,"winter doge, prepare your coat"
58,3l99pz,doge,2015,1442459583,adviceanimals,Winter Doge (Prepare Your Coats)
59,3lk6ar,doge,2015,1442673062,memes,the anti-doge meme
60,3llfx4,pepe,2015,1442692584,dankmemes,Pepe is in the System Again!
61,3lxunk,pepe,2015,1442932339,dankmemes,Rare vinyl Pepe. Pls no steal.
62,3m8n5w,doge,2015,1443124040,adviceanimals,Made my sisters Birthday Cake. Much style. Wow. So Doge
63,3m9fjy,among_us,2015,1443135860,adviceanimals,"According to my uncle, the common bond among us all..."
64,3ma80y,pepe,2015,1443148115,dankmemes,Pepe Trump and his golden vision for the future
65,3mhmnv,doge,2015,1443290495,adviceanimals,He's just not the same doge anymore
66,3mil8y,pepe,2015,1443306876,dankmemes,"Fuck pepe, it's all about pupu"
67,3mk8t1,pepe,2015,1443346455,copypasta,Why the fuck is pepe a frog?
68,3mo7mt,doge,2015,1443423763,adviceanimals,Yo doge...
69,3mobc3,doge,2015,1443426640,adviceanimals,Yo doge...
70,48iy4m,pepe,2016,1456870630,dankmemes,Exclusive Pepe! Vintage
71,4ar73s,me_irl,2016,1458183548,me_irl,me irl - superhero?
72,4b254z,me_irl,2016,1458369538,me_irl,me irl I just showed my friend reddit and he wanted to know if most of reddit can a specific subreddit not hate that thing?
73,4cfeop,among_us,2016,1459258044,adviceanimals,They reddit among us....
74,4cpwec,this_is_fine,2016,1459429171,memes,This Is Fine (Undertale)
75,4cr6h0,doge,2016,1459446780,adviceanimals,I was walking through the woods and my doge found a pile of memes
76,50svtv,doge,2016,1472818024,dankmemes,"Tmw someone calls a Doge a dank, fresh, rare or hip meme
I will stab you, if you ever say this."
77,50t8sr,me_irl,2016,1472823313,me_irl,"Me irl
It's my birthday pls upvote"
78,50v8sc,harambe,2016,1472847249,dankmemes,"Take a shot for harambe, he took one for you"
79,50wmi9,harambe,2016,1472865862,dankmemes,Harambe in Blackops
80,50xwxo,doge,2016,1472889586,dankmemes,Rare Sniff doge only appears every 100000 posts. UpDoge and a sniff doge will be rushed to your home for a day!!!
81,50xyyl,me_irl,2016,1472890960,me_irl,"me_irl
Hi I just wanted to know...
Is the halfway there meme supposed to represent the hopelessness of our lives by replacing the halfway point with meaningless ironical self-references?
Thanks,
A memer"
82,518wiv,doge,2016,1473073100,memes,NOT JUST A DOGE ANYMORE
83,51n6bc,harambe,2016,1473277945,dankmemes,Obi-Wan Harambe
84,51xe9l,me_irl,2016,1473427940,me_irl,"Me_irl
I had a really funny meme😂😂 but then I lost it 😱😱can I still have up votes?"
85,52fwqo,harambe,2016,1473705645,dankmemes,Proof that Harambe isn't dead
86,52ku5e,me_irl,2016,1473778039,me_irl,"Me_irl
someone update the meme calendar"
87,53bupu,harambe,2016,1474199691,copypasta,"Over the past few months, one thing that I've been trying to figure out is why the internet is obsessed with Harambe"
88,53c2sh,harambe,2016,1474204189,copypasta,"Over the past few months, one thing that I've been trying to figure out is why the internet is obsessed with Harambe"
89,5418ba,harambe,2016,1474578442,dankmemes,Harambe Memes for Suicidal Teens
90,548zsj,harambe,2016,1474697056,copypasta,"Hilary becomes a teacher
Let's dab into our lit homework my fam! Lets do it for Harambe to get the good grades or i'll have to WHIP you with discipline."
91,54jouf,me_irl,2016,1474879563,me_irl,me irl (x-post r/adviceanimals)
92,54uoz9,doge,2016,1475036722,memeeconomy,"Can we get guides or tutorials for new Meme Investors?
It's kinda hard to choose whether I'll invest in the latest and high risk memes (Pepe and Harambe) or the more stable, older memes (Doge comes into mind)."
93,54uv28,pepe,2016,1475039959,memeeconomy,"Suggestions on Vine economy memes?
My friend recently told me vine memes were dropping at a alarming rate, I have already invested 4 rare pepes including an extremely rare holographic Pepe. Should I pull out now b4 it's too l8 m8?"
94,54vwwz,pepe,2016,1475063124,memeeconomy,Don't let emotions drive your decisions. Pepe will make a come-back. Load up while the price is low.
95,54xi19,doge,2016,1475083691,memeeconomy,Trump pumping DOGE ahead of election?
96,54yl5d,doge,2016,1475096110,memeeconomy,Trump accused of pumping up DOGE stock ahead of election
97,54z9dm,pepe,2016,1475104531,dankmemes,Today's my moms birthday. She loves Pepe.
98,54zgny,pepe,2016,1475107318,memes,Pepe market crash ruins lives in Israel
99,552b6y,pepe,2016,1475157849,dankmemes,pepe is banned so we have to settle for paypay the croaker
100,55427b,me_irl,2016,1475178545,me_irl,"me irl
from WBEZ chicago this is ira glass, and im coming to you today with a few of our favorite stories about memes"
101,557a3a,pepe,2016,1475231303,dankmemes,Stand up for Freedom of Pepe!!!!!
102,559wks,pepe,2016,1475267347,dankmemes,When your Hauptsturmführer Pepe is branded a hate symbol an you are ignored
103,5wx44w,pepe,2017,1488387165,memeeconomy,Upon searching for rare pepes i came across the divine pepe. Is it valueable ? Should I stock or sell it?
104,5x2nv6,doge,2017,1488453413,memeeconomy,"PSA: If you're on this sub, you're a normie
This sub is literally full of ""look at dis pepe xD it's colourful is it rare gib me karma"" posts, and pepe, doge, spongegar and a plethora of well and truly dead memes are the literal banner image of this sub.
Reddit is literally a laughing stock on 4chan and 8chan, and they're the ones who made the term lmao."
105,5xdgsk,me_irl,2017,1488579673,me_irl,Me irl in roblox
106,5xff6q,this_is_fine,2017,1488605149,memes,This is fine
107,5xpy4m,pepe,2017,1488757649,dankmemes,Pepe gets the succ
108,5xz5dk,pepe,2017,1488872873,memeeconomy,"***THIS JUST IN***, CRASH IN THE RARE PEPE MARKET"
109,5y1r9s,among_us,2017,1488906457,dankmemes,THEY ARE AMONG US
110,5y202n,harambe,2017,1488908369,memeeconomy,"Vince the Rhino has been shot and killed in a zoo in France for his horn. This is a virgin market, with Harambe potential. INVEST NOW."
111,5y6a28,pepe,2017,1488952781,memeeconomy,Is This rare Pepe marketable? And if so what's the worth?
112,5ygep9,doge,2017,1489080835,memes,"TheLegend27 but every time they say Thelegend27, a wild doge appears"
113,5ym0ip,doge,2017,1489152103,memeeconomy,I'm with doge on this one. The trend is clear.
114,5yr775,harambe,2017,1489210395,memeeconomy,#Pray4Bougie THE NEW HARAMBE??? Should I buy?
115,5yu9h1,among_us,2017,1489259102,dankmemes,The god among us
116,5yw1pw,pepe,2017,1489279855,memeeconomy,I'm looking for an appraisal of this second-hand Pepe that I acquired. Has it retained its value?
117,5yxlx3,this_is_fine,2017,1489303399,dankmemes,this is fine
118,5ziuj8,pepe,2017,1489578104,memeeconomy,does this golden pepe have any worth?
119,60bqrb,among_us,2017,1489950323,dankmemes,They are among us
120,60bryl,doge,2017,1489950670,dankmemes,"If doge is no longer being used by normies, does that make it dank again?"
121,612hqy,this_is_fine,2017,1490282502,dankmemes,THIS IS FINE.
122,61zcqy,harambe,2017,1490707963,memeeconomy,"1st anniversary of the death of Harambe is in may. Is it time to reinvest, or are ressurection memes a better investment?"
123,6253jp,harambe,2017,1490770353,memes,Harambe did nothing wrong
124,62746a,me_irl,2017,1490799404,me_irl,me irl trying to hide from my problems
125,62nq9i,pepe,2017,1490990792,memeeconomy,how much for this rare /r/place pepe?
126,6xfmvp,pepe,2017,1504283147,dankmemes,i haven t see a pepe meme in a looong time
127,6xngxu,me_irl,2017,1504373170,me_irl,Legit me_irl
128,6xwif0,this_is_fine,2017,1504480253,memes,This is fine.
129,6xyevq,me_irl,2017,1504502973,me_irl,"me irl
4 swerds isn't worthy of the 3ds"
130,6xyjk2,me_irl,2017,1504504798,me_irl,Me irl lookin at me_irl
131,6yctow,this_is_fine,2017,1504665002,adviceanimals,This is fine.
132,6ye469,me_irl,2017,1504682000,me_irl,"Me irl
Anything"
133,6yjldu,this_is_fine,2017,1504742738,memes,This is fine
134,6z3f2l,doge,2017,1504982667,wholesomememes,otter = swimmy doge
135,6zg4c1,harambe,2017,1505143938,dankmemes,"Roses are red, Harambe is in heaven...."
136,6zhkas,among_us,2017,1505157040,dankmemes,They still walk among us!
137,6zqpfw,among_us,2017,1505257880,copypasta,"A thought about a thought
May I proclaim a thought about a thought? Is anything original or could we be (this is more likely I think) simply a repetition of previous thoughts and actions? Furthermore, who (among us, that is) can say for sure that anything we think we know is to be believed?
WHO KNOWS? I believe that is the heart of my (or rather, our) question"
138,700rqz,harambe,2017,1505374570,memes,"Roses are red, harambe is in heaven..."
139,70aa7n,me_irl,2017,1505486705,me_irl,Me irl trying to get a job like...
140,70rqwd,doge,2017,1505697824,memeeconomy,Should we update the header? Harambe is widely regarded as a normie meme and Doge has been normified for years
141,70utnl,harambe,2017,1505739549,bonehurtingjuice,D*icks out 4ar Harambe
142,71a0ef,me_irl,2017,1505901164,me_irl,Me_IRL (i have no life)
143,71lsmz,this_is_fine,2017,1506024046,wholesomememes,"I wanted the lyrics, but this is fine too."
144,71tdii,harambe,2017,1506108696,dankmemes,Harambe 🅱️orn
145,71vgcl,doge,2017,1506130254,bonehurtingjuice,wow doge ;)
146,72huuw,doge,2017,1506397828,dankmemes,Can't doge the Rodge
147,73ace0,this_is_fine,2017,1506715382,bonehurtingjuice,This is fine
148,814tsd,among_us,2018,1519906510,dankmemes,do alien wipes walk among us?
149,81t5id,harambe,2018,1520112707,memes,Damn.... Why did we have to kill Harambe!
150,82vxhx,pepe,2018,1520496645,memes,how to make a rare pepe
151,82xuwl,pepe,2018,1520519308,dankmemes,"According to Snapchat, Pepe is a “dumb meme”"
152,8316c2,doge,2018,1520544531,okbuddyretard,NOOO! doge would never
153,838myx,among_us,2018,1520618139,dankmemes,The evil is among us
154,83c95e,harambe,2018,1520648468,memes,R.i.p harambe
155,83u9v9,me_irl,2018,1520854250,me_irl,me_irl can I get some help please?
156,84midh,this_is_fine,2018,1521121188,dankmemes,This is fine
157,84rgxy,me_irl,2018,1521160407,me_irl,"me irl
Are text posts allowed lol"
158,84wksz,pepe,2018,1521216586,dankmemes,Rare The_donald pepe. Hating this pepe will be summoned to salt for 1000000 years
159,85qx3c,me_irl,2018,1521531531,me_irl,Me Irl (as a doctor)
160,85rln1,doge,2018,1521540967,dankmemes,"sad doge he, dosent have have his meds, dont be mean to him"
161,86yqta,doge,2018,1521954036,adviceanimals,Doge (animated)
162,8723zb,this_is_fine,2018,1521998180,dankmemes,This is fine......
163,87490v,among_us,2018,1522016623,memes,For the soundcloud users among us
164,87hutd,me_irl,2018,1522152351,me_irl,Me irl when a stranger looks at me
165,87zcpw,among_us,2018,1522308245,dankmemes,A lizard walks among us
166,88eec2,doge,2018,1522449788,dankmemes,Doge overload
167,88ggj6,me_irl,2018,1522471546,memeeconomy,"Found on me_irl, potential?"
168,9cb9kg,this_is_fine,2018,1535885883,memes,This Is Fine!
169,9ccnvc,me_irl,2018,1535900531,me_irl,me_irl caught in the wild
170,9cct4t,this_is_fine,2018,1535901667,bonehurtingjuice,This is fine.
171,9cenmc,pepe,2018,1535915503,dankmemes,They are censoring our pepe :( We have to retaliate!
172,9cprjh,nobody,2018,1536012853,copypasta,"it's Halloween its Halloween ITS HALLOWEEN ITS HALLOWEEN
literally nobody:
bitch with no personality: it’s 𝓼𝓮𝓹𝓽𝓮𝓶𝓫𝓮𝓻 🍁 which means it’s technically øȼŧøƀɇɍ 🍂🕸 so it’s 𝖍𝖆𝖑𝖑𝖔𝖜𝖊𝖊𝖓 🎃 spooky spoopy season 👻 🕷 trick or treat energy 🔮 i’m so quirky and weird 🦇⚰️ my father didn’t love me"
173,9cys7s,me_irl,2018,1536088639,memes,Me irl lol
174,9cyusb,harambe,2018,1536089146,memes,Remember Harambe?
175,9d2ecc,among_us,2018,1536116235,dankmemes,Even the strong among us fall
176,9e18m5,pepe,2018,1536377524,memes,Why does my dog look like Pepe
177,9e3qn5,this_is_fine,2018,1536407074,memes,This is fine.
178,9e4zjj,harambe,2018,1536420065,memes,Never Forget Harambe
179,9eyb0u,harambe,2018,1536678052,memes,"Roses are red, harambe is in heaven, George Bush did 9/11"
180,9eyb7w,harambe,2018,1536678082,dankmemes,Rip Harambe
181,9fdalo,harambe,2018,1536798600,okbuddyretard,"Umm, OK, what the HEL* HELL? Why does harambe have the fuck word on his mugshot? Im literaly shiding on my chair now wtf this cant be real oh god oh f"
182,9fhvyo,this_is_fine,2018,1536844586,dankmemes,I'm chinese so this is fine.
183,9ftano,pepe,2018,1536941231,dankmemes,Uncle pepe wants you
184,9fumfn,among_us,2018,1536950553,dankmemes,"Also great for the visual impaired meme connoisseurs among us, win 💯"
185,9gdhn6,this_is_fine,2018,1537126989,dankmemes,This. This is fine.
186,9gtlew,harambe,2018,1537266243,memes,The death of Harambe (2016)
187,9hbtn0,me_irl,2018,1537413583,me_irl,me_irl swag
188,9hh2ck,doge,2018,1537463516,adviceanimals,night of the doge
189,9i3ljm,among_us,2018,1537654789,dankmemes,This is sad telltalegames has screwed up big time everyone who paid for the bundle is getting ripped off and they are cancelling The wolf among us season 2
190,9ijm24,doge,2018,1537807935,okbuddyretard,Minecraft Doge
191,9iut93,this_is_fine,2018,1537900741,memes,This is fine...
192,9ivy3r,doge,2018,1537908486,okbuddyretard,OMG NO I CANB BELVE DOGE IS LIBTRAD
193,9j89jo,doge,2018,1538009293,okbuddyretard,Doge booger (this is my dad i am doge irl) LIKE IF YOU LIKE KIRBIZIA
194,9jh396,pepe,2018,1538085016,dankmemes,Where be my Pepe
195,9jlalq,among_us,2018,1538124480,dankmemes,MR. SKELETAL WILL WALK AMONG US
196,9jufvl,pepe,2018,1538202677,memes,Pepe le 🅱️ew
197,aw1aze,big_chungus,2019,1551419547,dankmemes,Added big chungus
198,ax9k6j,big_chungus,2019,1551719677,memes,The size of Oof rivals big Chungus
199,axcv6l,among_us,2019,1551736043,memes,He’s among us!
200,axs06l,me_irl,2019,1551829698,me_irl,me irl when seeing an insect
201,axv295,among_us,2019,1551848971,memes,A message for the special among us
202,ayd53o,this_is_fine,2019,1551968716,dankmemes,This is fine
203,ayosf8,among_us,2019,1552040983,memes,Exposing the Normies among us
204,ayv41y,among_us,2019,1552078009,dankmemes,They are among us at this very moment
205,ayyy8w,big_chungus,2019,1552100987,memes,Big chungus has come back from the dead in chef form- Big chef chungus!!
206,az1803,big_chungus,2019,1552118586,adviceanimals,The official Big chungus ball!
207,az5y98,this_is_fine,2019,1552153369,memes,This is fine I guess
208,az9ne0,doge,2019,1552174794,dogelore,Doge has had enough!
209,azco3i,this_is_fine,2019,1552196304,memes,This is fine
210,azeblq,me_irl,2019,1552212484,me_irl,(nor)me_irl
211,b0ax9p,nobody,2019,1552413913,me_irl,Nobody: Russian dashcam:
212,b0gv81,pepe,2019,1552445534,dankmemes,Spaghetti Pepe Anyone?
213,b0m9fs,harambe,2019,1552485142,memes,In Harambe we trust. Amen🙏
214,b0r5u6,doge,2019,1552510212,dogelore,Doge is poor
215,b0tkvc,pepe,2019,1552522780,dankmemes,Pepe is my spirit animal.
216,b1nlzq,nobody,2019,1552704157,memes,Nobody: People who use Instagram:
217,b25npv,nobody,2019,1552832739,dankmemes,Nobody: Me with my TF2 memes:
218,b2dcmk,big_chungus,2019,1552876659,dankmemes,This is even better than Big Chungus
219,b2ikxe,doge,2019,1552914782,dogelore,Le doge is enjoying his vacation
220,b2jtoo,nobody,2019,1552921760,dankmemes,nobody: J.K Rowling:
221,b2nycf,me_irl,2019,1552942536,me_irl,Me IRL birbs:
222,b2xt6n,me_irl,2019,1553004298,me_irl,"Me_irl
Making a post I text so instagram normies can’t steal it
[Modern problems require modern solutions ]()"
223,b36h7n,nobody,2019,1553049058,memes,Nobody: YouTube recommendations:
224,b3xexc,pepe,2019,1553209638,dankmemes,Can apple make a pepe emoji too please.
225,b3zbbu,me_irl,2019,1553220501,me_irl,Me_irl (let me know if this is wrong)
226,b44lsq,pepe,2019,1553258511,memes,Pepe is the best
227,b45n1n,harambe,2019,1553264485,memes,RIP Harambe
228,b5lkia,pepe,2019,1553576588,memes,evidence i turned in a suicidal pepe meme by accident (context https://www.reddit.com/r/memes/comments/b5ior0/i_submitted_the_wrong_file_my_teacher_put_me_in_a/)
229,b75i2s,doge,2019,1553909463,memes,An interesting take on the doge
230,b790p2,this_is_fine,2019,1553935411,wholesomememes,This is fine
231,b7ft6w,doge,2019,1553978776,dogelore,"You will be OK doge. U did the right thing by letting us know. Yes you can hold my hand, the ambulance is on their way."
232,b7gq4x,big_chungus,2019,1553984298,okbuddyretard,It would be better if I could put Big Chungus somewhere
233,b7jwe4,doge,2019,1554006419,dogelore,Le LEGO Star Wars Doge has arrived
234,b7tr5h,me_irl,2019,1554071752,me_irl,"Not, Me irl"
235,cy3j75,this_is_fine,2019,1567299129,memes,This is fine.
236,cyamr1,big_chungus,2019,1567348335,dankmemes,Arka big chungus
237,cyftae,this_is_fine,2019,1567373179,dankmemes,this is fine.
238,cyox76,stonks,2019,1567430674,memes,Definitely not stonks
239,cz4fji,stonks,2019,1567514951,dankmemes,"I drew the Stonks guy, hope you guys will apreciate 10 mins of hard work! ̵̧̣̉̿t̶̲̭́̏̿͌̊̔̂̂̐̆͆̍h̶̤̳̳̥͇̟̻̟̙̜̉̂ė̷̙͔̭̜͇̙͕̮͍̣̬̦̗͓̅̿̾̔̀́͝͠ ̴̧̛̳̳̹̺̜͔̜̀͒́̓̐̏͆͂͜͝͝S̶̡̄͊͂̍͆̄͆́̚̕͘͝t̵͋̊̂̓͝͠onks"
240,czs6lg,big_chungus,2019,1567637558,dankmemes,When Keanu Reeves says breathtaking me: big Chungus: Minecraft is good! Fortnite is bad! All of Area 51:
241,d0l4x5,harambe,2019,1567797217,okbuddyretard,mom said its my turn on the punjabi free no virus harambe download HD 2019 full movie
242,d0zk0e,among_us,2019,1567880428,memes,A prophet among us?
243,d19wzw,stonks,2019,1567943134,memes,Creating this meme: stonks
244,d1by4s,me_irl,2019,1567954704,me_irl,Españoles llegando a me_irl
245,d2bz6y,pepe,2019,1568140204,dankmemes,Cmon Pewds... They’re the ones who ruined your Disney partnership and got Pepe the Frog labeled a hate symbol
246,d3dc5f,stonks,2019,1568317852,memes,Is this stonks?
247,d4b0qv,doge,2019,1568495077,okbuddyretard,omg guys i cant believ doGe woulf questoin teh legitimaci off tha Quran!!1!1!
248,d4onm4,pepe,2019,1568573311,dankmemes,sup its ma first post on reddit so ofc it sucks ass but upvote it or imma kill u. unrelated: pepe actualy stands for penis enlargment pill eater.
249,d50r9w,among_us,2019,1568640969,memes,They are GODs among us ..
250,d5fy4d,stonks,2019,1568721672,memes,Please be stonks
251,d5iyc9,stonks,2019,1568735675,dankmemes,Definitely not stonks
252,d5m4kf,this_is_fine,2019,1568749551,memes,"This is fine, im fine."
253,d5tv3i,this_is_fine,2019,1568789015,dankmemes,This is fine.
254,d5xoj8,stonks,2019,1568812770,dankmemes,Mega stonks
255,d611gu,nobody,2019,1568827389,dankmemes,Nobody:... Me with photoshop:
256,d6mvar,pepe,2019,1568938906,dankmemes,May PePe be with you fellow comrades.
257,d6n5my,me_irl,2019,1568940352,me_irl,Me_irl seeing myself like a reflection walking out of work irl
258,d6opxv,harambe,2019,1568948203,okbuddyretard,oh no harambe hurry oh fuck oh gosh fuck
259,d6t0b3,harambe,2019,1568975825,memes,For Harambe!
260,d7707i,among_us,2019,1569046994,dankmemes,There's a brilliant mind among us
261,d774t0,harambe,2019,1569047954,okbuddyretard,WHAT WERE YOU GONNA SAY HARAMBE OH GOD OH FUCK
262,d7bo3k,harambe,2019,1569078545,okbuddyretard,HARAMBE NOOOOO
263,d7il44,among_us,2019,1569109715,me_irl,Spooktober Is Among Us
264,d7lcv3,doge,2019,1569124289,dogelore,Doge value consent
265,d8r8q5,nobody,2019,1569349685,copypasta,"Reddit moment
Nobody:
Not even Thanos:
Not even Instagram Normies:
Not even Keanu Reeves:
Me: Guys what if Pewdiepie and Keanu Reeves killed all the instagram normies with diamond swords that would be breathtaking!
Wholesome 100
Breathtaking 100
Holy shit you fucking killed **them** dude
**everyone liked that**
This is a REDDIT meme not for Instagram normies
Me_irl"
266,d9994d,harambe,2019,1569443956,okbuddyretard,😳 ok fr thought harambe was haram
267,daqcyd,stonks,2019,1569729696,memes,Who else hates the stonks meme?
268,daymqm,nobody,2019,1569779838,dankmemes,Nobody: ... Russia:
269,fbmfje,me_irl,2020,1583024951,me_irl,"Me_irl
Dont relly know where to put this so imma jus put it here and hope for the best. I've made a sub where you basically just put what you want and I hope to build a smol little community where most people know eachother. If you wanna be a part of it r/SkingieDee is the name, (subject to change)"
270,fbrgq0,me_irl,2020,1583053076,me_irl,Me_irl under quarantine
271,fc5d26,doge,2020,1583117223,memes,All hall the Doge
272,fcg339,harambe,2020,1583172235,dankmemes,"Harambe move! Oh no, he has airpods in he can't hear us."
273,fdk3x4,nobody,2020,1583357345,memes,Nobody: FedEx delivers
274,fdkt46,this_is_fine,2020,1583360044,dankmemes,This is Fine
275,ff2dtd,this_is_fine,2020,1583618649,dankmemes,This is fine
276,ffqa97,pepe,2020,1583734043,okbuddyretard,she said my pepe is Pickle Rick 😁
277,fg4hr4,stonks,2020,1583797966,memes,That’s not very stonks of you reddit
278,fhf6di,doge,2020,1584014188,dogelore,Doge Walker
279,fhjfdx,me_irl,2020,1584031937,me_irl,Me_irl on Sunday
280,fhvm9p,me_irl,2020,1584082767,me_irl,Me irl admit it we’ve all done this
281,fi7ugh,this_is_fine,2020,1584137405,memes,This is fine...
282,fi8xhq,pepe,2020,1584141644,memeeconomy,"Saw a rainy depressed pepe on way home from work, any takers?"
283,fidm8u,doge,2020,1584163613,dogelore,Le Cardboard Doge has arrived
284,fjfzow,nobody,2020,1584337589,memes,Nobody: my dream at 3am:
285,fk8j8x,stonks,2020,1584463746,memes,Stonks time
286,fkz3l2,stonks,2020,1584572372,memes,Lemme get some cash stonks
287,fla3k6,big_chungus,2020,1584624829,okbuddyretard,big chungus 1940
288,flj0zk,this_is_fine,2020,1584656111,dankmemes,"Didn’t know what to post on my cake day, but I think this is fine."
289,flmtmo,nobody,2020,1584670486,memes,Nobody: The British government's economic plan:
290,flrwcp,me_irl,2020,1584695073,me_irl,Not OP but still me irl
291,flt0lu,harambe,2020,1584701381,memes,Harambe in Lego City
292,fmf1i3,me_irl,2020,1584797690,me_irl,me_irl (creative enough?)
293,fmfvd1,this_is_fine,2020,1584801348,memeeconomy,This is fine
294,fmqqr7,harambe,2020,1584838157,okbuddyretard,Harambe come back!😩 What does he turn himself into?😨
295,fndmaw,harambe,2020,1584936268,dankmemes,RIP Harambe (1999-2016)
296,fnpozq,pepe,2020,1584990058,memes,Here present I you present you pepe the frog the king of memes
297,fpapmw,harambe,2020,1585225933,dankmemes,It all started with Harambe
298,fpi1h1,nobody,2020,1585251405,memes,Nobody:.......... Coronavirus:
299,fpla0j,big_chungus,2020,1585262168,okbuddyretard,Big chungus funny moments
300,fqx2x6,stonks,2020,1585445066,memes,gangplank stonks
301,fr7s8k,nobody,2020,1585496470,memes,Nobody: Toilet Paper in 2020
302,fraybt,harambe,2020,1585507797,memes,Harambe for those who no get it
303,frue5d,stonks,2020,1585587085,dankmemes,Stonks going down
304,frz07v,this_is_fine,2020,1585601525,dankmemes,This is fine!
305,ikq3v2,pepe,2020,1598985653,memes,Pepe for life
306,ilo4wy,harambe,2020,1599113821,memes,cant believe this guys dissing harambe in his own sub
307,imd2vu,this_is_fine,2020,1599212872,memes,This is fine
308,imln2n,big_chungus,2020,1599244758,dankmemes,RIP big chungus
309,imtfd2,nobody,2020,1599273186,memes,Nobody: This meme is good
310,in3311,me_irl,2020,1599319938,me_irl,"Me_irl
If there was an NBA for tossing clothes into a laundry basket I would be a pro."
311,in3ie6,nobody,2020,1599321435,wholesomememes,"Nobody: My Grandma: Don't tell anybody, I gave you money."
312,inv19r,pepe,2020,1599429994,memes,"Heard you guys would upvote anything, so here's pepe"
313,io0wgl,big_chungus,2020,1599453024,memes,Big Chungus is the best
314,ip9s4r,big_chungus,2020,1599627743,memes,Give me some big chungus
315,ipzv75,big_chungus,2020,1599729103,memes,My mom isn’t Big Chungus
316,iqdac3,big_chungus,2020,1599775017,okbuddyretard,Make da big chungus gus meal already!!! 😤😤
317,iqfd5z,doge,2020,1599781992,dogelore,Le wacky Mario doge character template has arrived in the comments
318,iravtf,among_us,2020,1599909860,dankmemes,Among us be like
319,is0pd3,among_us,2020,1600012426,memes,Literally every Among Us game played online without friends.
320,isi39m,among_us,2020,1600077913,dankmemes,I might get down voted for this but. Fall guys>among us
321,isrdm3,this_is_fine,2020,1600109724,memes,🔥 This is fine 🔥
322,itwq5x,among_us,2020,1600266953,memes,Seems to be a vegetable among us
323,iuxsfu,me_irl,2020,1600396468,me_irl,"me_irl
This comes off wrong and get plastered all over youngpeople_______ but I’m ten ask me anything depressed teens and adults"
324,iwciv4,nobody,2020,1600602849,memes,Nobody: Dentists:
325,iwl3tl,among_us,2020,1600632287,dankmemes,Among Us meme or something idk
326,ix9f2f,among_us,2020,1600722521,dankmemes,I love the among us community
327,iy595g,pepe,2020,1600844075,dankmemes,Pepe is the most OG dank thing I know
328,iy9vbh,pepe,2020,1600866910,memes,Happy pepe noises
329,iz889k,doge,2020,1600989662,memes,Mans best friend am I right LOLOLOLO XDXDXD. Maybe doge bro will visit u tonignt lLOLOLOl.
330,iza6sw,doge,2020,1600996969,dogelore,introvert doge wants the pain to end
331,iza8re,stonks,2020,1600997174,memes,Stonks or stinks?
332,izgb62,stonks,2020,1601025201,dankmemes,big stonks
333,izutx9,doge,2020,1601077383,memes,While watching a wolf couple cuddle I noticed that the female was not into it. *Wild Doge*
334,j0cy21,harambe,2020,1601151178,memes,Harambe's life mattered
335,j0d6hz,doge,2020,1601151990,memes,Good bye doge. this is a great loss
336,j0s7c1,pepe,2020,1601217688,memes,I Think I Just Found A New Species Of The PEPE
337,j0tp8q,stonks,2020,1601223047,memes,Stonks Stonks Stonks
338,j11p4i,big_chungus,2020,1601251357,comedyheaven,big big chungus
339,j2e7jd,among_us,2020,1601435367,memes,Well... at least I can complete my tasks (Among Us)
340,j2wi2e,among_us,2020,1601505851,memes,among us in a nutshell
341,lvghag,doge,2021,1614623330,dogelore,New DOGE (n u d e s) LEAKED!
342,lvrj9z,among_us,2021,1614651457,shitposting,Something something the archway is Amogus
343,lvskhy,me_irl,2021,1614654958,me_irl,Me irl when the world is going to sh*t
344,lw4im9,doge,2021,1614698797,dogelore,"Stop right there, criminal doge!"
345,lw78k6,doge,2021,1614705364,dogelore,Le bragging or annoyed Doge
346,lwapr1,stonks,2021,1614714240,memes,Complicated stonks
347,lwr8k2,among_us,2021,1614769296,okbuddyretard,yeahf word amogus 😏🍌
348,lx30m8,pepe,2021,1614801900,dankmemes,Rare Pepe?
349,lx7khc,stonks,2021,1614814973,memes,That’s how stonks are made
350,lxwdew,big_chungus,2021,1614894595,okbuddyretard,pray for big chungus girlfriend 🙏🙏😔😔
351,ly9wws,pepe,2021,1614943939,memes,I stuck a Pepe on this don’t know why but I did
352,lyo6c6,harambe,2021,1614985209,memes,harambe is the answer to everything
353,lzjwj3,harambe,2021,1615094409,memes,Pls karma 4 Harambe 💎🙏
354,m09s4h,among_us,2021,1615185433,dankmemes,Amog amogus
355,m0gu87,big_chungus,2021,1615213800,okbuddyretard,f*uck off im not a big chungus 😡
356,m0ny2h,pepe,2021,1615232134,shitposting,pepe pig 18+
357,m0qzd3,pepe,2021,1615239870,shitposting,"Step aside Lola, Pepe Le Pew's all the RAGE now. They better not tamper with Wile E Coyote!"
358,m0z0fc,this_is_fine,2021,1615265140,memeeconomy,Invest in the new version of this is fine here's a sample
359,m13phk,this_is_fine,2021,1615285530,memes,"Made a website based on the ""This is fine"" cartoon by KC Green."
360,m18sdt,big_chungus,2021,1615303758,okbuddyretard,My brother doesn't think big CHUNGUS is funny that cring 😡😡😡😡🤬😡🤬😡🤬😡🤬😡🤬😡🥵🥵🥵🥵🥵😱😱😱😱😱🤢🤢🤢🤢🤮🤮🤮🤮🤮🤮🤮🤮🤬🤬🤬🤬🤬🤬
361,m1aawg,big_chungus,2021,1615307830,dankmemes,After two years BIG CHUNGUS resturs
362,m1xxr1,pepe,2021,1615384455,memes,Pepe’ vs GTA
363,m1zf30,nobody,2021,1615388518,memes,Nobody: My wall paper:
364,m21vuw,this_is_fine,2021,1615394762,dankmemes,This is fine
365,m2ohi1,among_us,2021,1615463738,shitposting,amogus sex!! 😳😳😳
366,m3r4l9,doge,2021,1615583068,dogelore,WHEN THE DOGE IS SUS
367,m4h1hc,nobody,2021,1615674257,shitposting,Nobody: This guy for absolutely no reason:
368,m4qcun,pepe,2021,1615705972,memes,It's possible I'm a rare pepe?
369,m54qkv,pepe,2021,1615757329,wholesomememes,My dog walked across my keyboard and brought up Pepe memes😳
370,m5c6hd,me_irl,2021,1615780674,me_irl,"me irl A question for fellow boys and men of the internet
[removed]
[View Poll](https://www.reddit.com/poll/m5c6hd)"
371,m5h3vu,among_us,2021,1615801449,shitposting,"Inna Woods Amogus
https://reddit.com/link/m5h3vu/video/a45j68klx5n61/player"
372,m6hei2,doge,2021,1615923447,shitposting,Doge burn incident (2012)
373,m7slh1,harambe,2021,1616079391,memes,RIP Harambe
374,m7uwo1,this_is_fine,2021,1616085568,dankmemes,this is fine i can waste a hole day for this
375,m7xn4r,harambe,2021,1616092742,memes,For HARAMBE.
376,m8kz8f,me_irl,2021,1616171103,me_irl,me_irl when people ask me if I care
377,m9armi,me_irl,2021,1616258601,okbuddyretard,Lmao dummies. Why some dude in robe climbing building above me irl?? 🤔🤔
378,m9b2hr,doge,2021,1616259487,dogelore,These Necklaces are Super Cute and currently free for a limited Time! We Accept Doge
379,m9d9g8,nobody,2021,1616265648,memes,Nobody: Absolutely Nobody
380,m9l1v5,this_is_fine,2021,1616289564,memes,This is fine. No Doggo Template.
381,m9pc6n,this_is_fine,2021,1616304462,memes,This is fine. But it's Minecraft.
382,ma6hkh,stonks,2021,1616361696,memes,What I see when trying to analyze stonks
383,mao4in,nobody,2021,1616421264,memes,Nobody : History Teachers when you learn about something new :
384,masj8r,nobody,2021,1616432765,memes,Nobody: Shelon Musk:
385,may8gl,big_chungus,2021,1616447851,okbuddyretard,Ohh 😱 my god guys big chungus 🐇 ( but big ) is real Nolan gives his reference🤔🤞👍
386,mcjiu6,among_us,2021,1616627430,okbuddyretard,Amogus😳😳😳😳
387,md5oq0,this_is_fine,2021,1616698949,memes,This is fine.
388,mdgfoc,big_chungus,2021,1616731963,okbuddyretard,yo mom looks like big chungus🐇yo mom smells like fungus🍄epix bars😎😎🔥🔥
389,mdgrvx,nobody,2021,1616733262,memes,Nobody: all my alarms I have to wake me up
390,mdiso0,big_chungus,2021,1616741925,shitposting,Big Chungus sings
391,mdmdz5,me_irl,2021,1616757605,me_irl,me_irl while covid continues
392,mdnabi,stonks,2021,1616760907,memes,Stonks 100
393,mdoffy,stonks,2021,1616764632,memes,Stonks 101
394,mdvrtk,harambe,2021,1616785247,dankmemes,Just move the damn ship already I gotta get to Harambe
395,mepcr7,nobody,2021,1616887484,memes,Nobody: you can’t draw three lines and expect people to understand it Me:
396,met80z,stonks,2021,1616900826,memes,Anti-stonks
397,metcj7,stonks,2021,1616901286,memes,stonks moment
398,mf5s5e,nobody,2021,1616953433,memes,Nobody: Minecraft players when they see a ravine with water at the bottom:
399,ph3xzu,this_is_fine,2021,1630671171,memes,"True story, this is fine."
400,pj62co,me_irl,2021,1630955016,me_irl,me_irl I'm saving the environment :)
401,pjmfrs,among_us,2021,1631019037,shitposting,Stickersus Symphony - Stop posting about Among Us Donkey Kong Remix
402,pktg8x,harambe,2021,1631174596,memes,You will be missed Private Harambe
403,plb6h8,among_us,2021,1631237297,dankmemes,The day of reckoning is among us
404,pleahf,doge,2021,1631249321,dogelore,My Little Doge-y! Collect them all!
405,pnga9s,me_irl,2021,1631542415,2meirl4meirl,2meirl4meirl found it on r/me irl
406,pon67h,big_chungus,2021,1631700398,okbuddyretard,big chungus
407,pp5obj,doge,2021,1631763682,dogelore,Le karate doge has arrived
408,ps9ra9,me_irl,2021,1632192188,me_irl,me_irl. Don't touch me girl
409,psqi9o,stonks,2021,1632253881,memes,Stonks go brrrr!🚀🌑🚀🌑🚀🌑🚀🌑🦍🦍🦍🦍🦍💎🙌
410,pufhdf,pepe,2021,1632472055,memes,Rule 34 exists for Pepe too
411,py5qps,harambe,2021,1632952726,memes,Also the harambe emoji is allowed
412,pynqh9,harambe,2021,1633020400,memes,Death of Harambe is the reason
413,t41b9s,this_is_fine,2022,1646115747,memes,This is fine
414,t4ipua,harambe,2022,1646169714,memes,Harambe was the only thing holding back the darkness.
415,t4l9lt,among_us,2022,1646176450,shitposting,"Obama bing chilling based 1984 taiwan belgium zamn british hog rider meow grass fuck kevin china koala amogus among us fortnite femboy cheetos post nft Hey AutoMod, did you know every based femboy cat fortnite player that makes me say ""ZAMN"""
416,t4xi5w,among_us,2022,1646217882,memes,Among us jokes will never let us goo
417,t4z8er,stonks,2022,1646224714,dankmemes,Weapon sale stonks
418,t51m8f,stonks,2022,1646232218,dankmemes,Confused stonks
419,t5mepc,harambe,2022,1646293885,memes,"""This show has declined rapidly since Harambe died"""
420,t63l56,me_irl,2022,1646346785,me_irl,Forgot about my cake day yesterday cause or exams:/ guess this is me irl
421,t67d9q,this_is_fine,2022,1646357933,dankmemes,This Is Fine
422,t6deb6,nobody,2022,1646378361,copypasta,"Nobody: JK Rowling:
Nobody: JK Rowling: Hogwarts didn't always have bathrooms. Before adopting Muggle plumbing methods in the eighteenth century, witches and wizards simply relieved themselves wherever they stood, and vanished the evidence."
423,t6ucv9,me_irl,2022,1646431906,me_irl,This is literally me irl. Just wanted to share how much i’ve changed. First pic is early 2020 and the second is today.
424,t6v5xj,harambe,2022,1646434230,shitposting,Harambe got implants
425,t7rs7s,harambe,2022,1646543964,dankmemes,Harambe History.
426,t7w23u,nobody,2022,1646562428,memes,Nobody: Rihanna anytime she sees camera..
427,t7ylhj,pepe,2022,1646572812,shitposting,Pepe really has been unfortunate
428,t822on,doge,2022,1646583333,shitposting,Doge friends..... Dogecoin is everywhere.....
429,t89c1l,stonks,2022,1646603318,dankmemes,VPN stonks go brrrr
430,t89hzk,stonks,2022,1646603767,dankmemes,VPN stonks go brrr
431,t8rouf,among_us,2022,1646666854,shitposting,amogus potion☺☺☺☺☺☺☺
432,t8xp0d,this_is_fine,2022,1646682540,memes,Ukraine putting up an impressive fight. Russian economy collapses. Growing public unrest in Russian cities... This is fine.
433,t98l9j,pepe,2022,1646713888,shitposting,"""Mom can we get Pepe while we're out?"" ""No we have Pepe at home"" Pepe at home:"
434,t9f3kf,harambe,2022,1646740133,dankmemes,Is this karma for killing Harambe?
435,ta7b5u,among_us,2022,1646830950,shitposting,among us???? susss
436,tagu2s,among_us,2022,1646857865,shitposting,Amogus gaming wc
437,tapaj2,doge,2022,1646882590,shitposting,not the doge
438,taxjoo,nobody,2022,1646915087,okbuddyretard,nobody: comics in 2022:
439,tb6nqg,me_irl,2022,1646940443,me_irl,me_irl when I delete social media because I'm addicted to people liking what I have to say
440,tblj03,big_chungus,2022,1646987092,shitposting,BIG CHUNGUS NO BITCHES?
441,tc5rdm,me_irl,2022,1647049954,me_irl,"me_irl
[Me when I have to do a presentation]()"
442,tc7d0x,big_chungus,2022,1647055604,okbuddyretard,Big Chungus
443,tca9hv,doge,2022,1647066445,dogelore,Doge speak lore
444,tcde83,pepe,2022,1647079790,dankmemes,You okie pepe
445,td88kg,stonks,2022,1647182256,dankmemes,big stonks
446,tdbgx5,big_chungus,2022,1647191585,shitposting,big chungus haters trying to affect me with their feeble arguments
447,tdeuiu,harambe,2022,1647200991,shitposting,Harambe was the Franz Ferdinand of the 21st century.
448,tdj67g,me_irl,2022,1647213035,me_irl,me_irl searching for the television remote.
449,tei5iu,big_chungus,2022,1647323910,memes,"Hugh Mungus, Big Chungus, Among Us. Now I present Cum Fungus for 2022"
450,teycl9,doge,2022,1647373814,memeeconomy,"Coming soon on NEO blockchain Bored Doge Collection with good utility , MEME game :)"
451,tftwfq,this_is_fine,2022,1647466794,memes,This is fine.
452,tftwrd,this_is_fine,2022,1647466815,dankmemes,This is fine.
453,tgu41r,among_us,2022,1647581286,shitposting,WhatsApp Amogus confirmed 💀
454,thc09b,doge,2022,1647628834,dogelore,DOGE GET OUT OF THERE DOGE DOGE NO DOGE
455,thpzih,stonks,2022,1647674572,memes,Cuntant creyators → Hunee → Stonks
456,thzi3o,pepe,2022,1647709044,memes,[News] Our boy got the last laugh. He un-rare'd a pepe.
457,ti88u4,big_chungus,2022,1647733902,shitposting,我是 Big Chungus
458,tigb8j,nobody,2022,1647763855,memes,nobody: bots after 0.02 seconds after i post
459,tir85q,me_irl,2022,1647800277,me_irl,How to break out of the 'me irl' cycle
460,tiswel,nobody,2022,1647804918,memes,literaly nobody: me when my freind says don't look
461,tj7q5g,me_irl,2022,1647854598,me_irl,me_irl (I'm lonely)
462,tj8v7v,nobody,2022,1647859301,shitposting,Nobody : Porno threesomez:
463,tkvaon,pepe,2022,1648046040,memes,It's big Pepe time
464,tlckah,harambe,2022,1648066729,memes,Anyone want their original Harambe meme in the documentary we are making? Message us for deets 🦍
465,tlvxlo,this_is_fine,2022,1648090379,memes,"This is fine, everything is fine."
466,tm82sz,nobody,2022,1648126881,wholesomememes,Nobody:Cats at 3 am
467,tmc4se,big_chungus,2022,1648130683,okbuddyretard,big chungus isnt funny
468,tmcz86,doge,2022,1648131421,dogelore,Le Sir Doge has arrived
469,tp26gk,this_is_fine,2022,1648324523,memes,This Is Fine
470,tq0hex,pepe,2022,1648439118,memes,"My Dog Cain ripped the head off his Teddy Bear, so my Mom sewed the head off, and attached his favorite toy to it, which looks like Pepe and its really depressing"
471,tq8i47,nobody,2022,1648471558,memes,Nobody:what coating do you have.me:
472,tqh80g,among_us,2022,1648495747,memes,Amogus will forever be indented in history
473,tqhtcj,big_chungus,2022,1648497350,okbuddyretard,NoOoOo Disbsey you ripoif Big Chungus!1!1!😤😩📮
474,tqsahr,pepe,2022,1648530347,dankmemes,Pepe the smith
475,tqsc6t,pepe,2022,1648530527,memes,Pepe Will Smith you
476,tqsc85,this_is_fine,2022,1648530531,memes,"I'm fine. This is fine. Everything is fine. Not like I have to have a video out by Friday and OpenShot decided it wanted to crash and, in the process delete everything. Nope."
477,tqxlb8,doge,2022,1648553185,dogelore,Le doge of Venice has arrived
478,tr5hci,stonks,2022,1648569737,dankmemes,More like Chris Stonks
479,trnucg,doge,2022,1648590827,memes,How long was it when it last saw a doge meme
480,tsd5ny,stonks,2022,1648665351,memes,Stonks man Meme is dead nobody is using him anymore
481,tsra53,harambe,2022,1648699220,shitposting,Harambe ain’t ded
482,tsw28p,big_chungus,2022,1648719338,memes,women who assume this are probably the reincarnation of big chungus in real life
483,tsxzon,among_us,2022,1648727426,comedyheaven,The hit game Among Us?
484,tt48ie,me_irl,2022,1648745811,me_irl,"me_irl
You ever read a message on your phone and think ""what a fucking dickhead sounding bellend"" then realise it's the one *you* sent to your mate / date / colleague?"
